{"ChoppingBoard": 2.4368163791961774, "WhiteChair": 0.00787498961511958, "BlackKitchenChair": 0.05110274236153067, "KitchenKnife": 3.724782349666899, "WoodenSpoon": 4.676332268524175, "WoodenFork": 2.4580145006536878, "Donut_B": 2.6300902949341727, "Cereal_Anon": 0.9978191571342191, "DinoToy": 0.3081521253553305, "WoodenToothbrushHolder": 0.037720832706103304, "Cracker_Anon": 3.2242295178090026, "BlackCeramicMug": 3.0780883762371074}