{"DinoToy": 0.8325681495512546, "BlackCeramicDishSmall": 0.40204258656661507, "BlackRoundTable": 1.244244868580971, "BookDeepLearning": 5.184518969361738, "BlackKitchenChair": 0.023979492862666953, "Flask": 8.030162892247436, "BlackCeramicMug": 2.035065240538046}